Photos;Urls;Images;
;https://www.wildberries.ru/catalog/46045871/detail.aspx?targetUrl=BP;https://images.wbstatic.net/c246x328/new/46040000/46045871-1.avif;
;https://www.wildberries.ru/catalog/35764478/detail.aspx?targetUrl=BP;https://images.wbstatic.net/c246x328/new/35760000/35764478-1.jpg;
;https://www.wildberries.ru/catalog/35764481/detail.aspx?targetUrl=BP;https://images.wbstatic.net/c246x328/new/35760000/35764481-1.jpg;
;https://www.wildberries.ru/catalog/35764482/detail.aspx?targetUrl=BP;https://images.wbstatic.net/c246x328/new/35760000/35764482-1.jpg;
;https://www.wildberries.ru/catalog/35764483/detail.aspx?targetUrl=BP;https://images.wbstatic.net/c246x328/new/35760000/35764483-1.jpg;https://www.capslab.fr/en/looney-tunes/353-men-s-capslab-looney-tunes-yosemite-sam-black-trucker-cap.html
;https://www.wildberries.ru/catalog/35764486/detail.aspx?targetUrl=BP;https://images.wbstatic.net/c246x328/new/35760000/35764486-1.jpg;
;https://www.wildberries.ru/catalog/43297225/detail.aspx?targetUrl=BP;https://images.wbstatic.net/c246x328/new/43290000/43297225-1.jpg;
;https://www.wildberries.ru/catalog/43297226/detail.aspx?targetUrl=BP;https://images.wbstatic.net/c246x328/new/43290000/43297226-1.jpg;
;https://www.wildberries.ru/catalog/43297227/detail.aspx?targetUrl=BP;https://images.wbstatic.net/c246x328/new/43290000/43297227-1.jpg;
;https://www.wildberries.ru/catalog/35764479/detail.aspx?targetUrl=BP;https://images.wbstatic.net/c246x328/new/35760000/35764479-1.jpg;
;https://www.wildberries.ru/catalog/35764480/detail.aspx?targetUrl=BP;https://images.wbstatic.net/c246x328/new/35760000/35764480-1.jpg;
;https://www.wildberries.ru/catalog/35764485/detail.aspx?targetUrl=BP;https://images.wbstatic.net/c246x328/new/35760000/35764485-1.jpg;
;https://www.wildberries.ru/catalog/46045870/detail.aspx?targetUrl=BP;https://images.wbstatic.net/c246x328/new/46040000/46045870-1.avif;
;https://www.wildberries.ru/catalog/45212187/detail.aspx?targetUrl=BP;https://images.wbstatic.net/c246x328/new/45210000/45212187-1.jpg;
;https://www.wildberries.ru/catalog/38954637/detail.aspx?targetUrl=BP;https://images.wbstatic.net/c246x328/new/38950000/38954637-1.jpg;
;https://www.wildberries.ru/catalog/38648783/detail.aspx?targetUrl=BP;https://images.wbstatic.net/c246x328/new/38640000/38648783-1.jpg;
;https://www.wildberries.ru/catalog/38650243/detail.aspx?targetUrl=BP;https://images.wbstatic.net/c246x328/new/38650000/38650243-1.jpg;
;https://www.wildberries.ru/catalog/38651712/detail.aspx?targetUrl=BP;https://images.wbstatic.net/c246x328/new/38650000/38651712-1.jpg;
;https://www.wildberries.ru/catalog/38651861/detail.aspx?targetUrl=BP;https://images.wbstatic.net/c246x328/new/38650000/38651861-1.jpg;
;https://www.wildberries.ru/catalog/38652326/detail.aspx?targetUrl=BP;https://images.wbstatic.net/c246x328/new/38650000/38652326-1.jpg;
;https://www.wildberries.ru/catalog/38652439/detail.aspx?targetUrl=BP;https://images.wbstatic.net/c246x328/new/38650000/38652439-1.jpg;
;https://www.wildberries.ru/catalog/38312432/detail.aspx?targetUrl=BP;https://images.wbstatic.net/c246x328/new/38310000/38312432-1.jpg;
;https://www.wildberries.ru/catalog/36817964/detail.aspx?targetUrl=BP;https://images.wbstatic.net/c246x328/new/36810000/36817964-1.jpg;
;https://www.wildberries.ru/catalog/36817965/detail.aspx?targetUrl=BP;https://images.wbstatic.net/c246x328/new/36810000/36817965-1.jpg;
;https://www.wildberries.ru/catalog/36817966/detail.aspx?targetUrl=BP;https://images.wbstatic.net/c246x328/new/36810000/36817966-1.jpg;
;https://www.wildberries.ru/catalog/36817968/detail.aspx?targetUrl=BP;https://images.wbstatic.net/c246x328/new/36810000/36817968-1.jpg;
;https://www.wildberries.ru/catalog/38312431/detail.aspx?targetUrl=BP;https://images.wbstatic.net/c246x328/new/38310000/38312431-1.jpg;
;https://www.wildberries.ru/catalog/36817967/detail.aspx?targetUrl=BP;https://images.wbstatic.net/c246x328/new/36810000/36817967-1.jpg;
;https://www.wildberries.ru/catalog/35200118/detail.aspx?targetUrl=BP;https://images.wbstatic.net/c246x328/new/35200000/35200118-1.jpg;
;https://www.wildberries.ru/catalog/23162838/detail.aspx?targetUrl=BP;https://images.wbstatic.net/c246x328/new/23160000/23162838-1.jpg;
;https://www.wildberries.ru/catalog/25870950/detail.aspx?targetUrl=BP;https://images.wbstatic.net/c246x328/new/25870000/25870950-1.jpg;
;https://www.wildberries.ru/catalog/25870951/detail.aspx?targetUrl=BP;https://images.wbstatic.net/c246x328/new/25870000/25870951-1.jpg;
;https://www.wildberries.ru/catalog/33931915/detail.aspx?targetUrl=BP;https://images.wbstatic.net/c246x328/new/33930000/33931915-1.jpg;
;https://www.wildberries.ru/catalog/33933950/detail.aspx?targetUrl=BP;https://images.wbstatic.net/c246x328/new/33930000/33933950-1.jpg;
;https://www.wildberries.ru/catalog/33935132/detail.aspx?targetUrl=BP;https://images.wbstatic.net/c246x328/new/33930000/33935132-1.jpg;
;https://www.wildberries.ru/catalog/33941317/detail.aspx?targetUrl=BP;https://images.wbstatic.net/c246x328/new/33940000/33941317-1.jpg;
;https://www.wildberries.ru/catalog/35200119/detail.aspx?targetUrl=BP;https://images.wbstatic.net/c246x328/new/35200000/35200119-1.jpg;
;https://www.wildberries.ru/catalog/35200120/detail.aspx?targetUrl=BP;https://images.wbstatic.net/c246x328/new/35200000/35200120-1.jpg;
;https://www.wildberries.ru/catalog/35200121/detail.aspx?targetUrl=BP;https://images.wbstatic.net/c246x328/new/35200000/35200121-1.jpg;
;https://www.wildberries.ru/catalog/23178397/detail.aspx?targetUrl=BP;https://images.wbstatic.net/c246x328/new/23170000/23178397-1.jpg;
;https://www.wildberries.ru/catalog/21169968/detail.aspx?targetUrl=BP;https://images.wbstatic.net/c246x328/new/21160000/21169968-1.jpg;
